"Lot_Number","Collector","observation_date","Latitude","Longitude","observation_type_0dead","Globosity_WoverL"
258615075,"aaron_echols","1/12/25","33.58575464","-117.8645231",NA,0.503875968992248
260671714,"aaronddhh","2/3/25","33.72368889","-118.3379667",NA,0.586345381526104
196453802,"abalonequeen","12/11/23","33.25640982","-119.4980917",NA,0.537037037037037
198926350,"acantho","2/8/24","37.18491167","-122.3972033",NA,0.595121951219512
99166842,"acastelein","10/23/21","34.40688588","-119.8316892",NA,0.59
62529040,"acatling10","12/21/18","33.45988833","-117.713425",NA,0.5
235277491,"acipenseridae","8/11/24","33.73545724","-118.1093752",NA,0.483018867924528
36926423,"aheyman1","12/24/19","35.36974335","-120.864418",NA,0.617834394904459
106723365,"aheyman1","2/13/22","35.2897733","-120.884555",NA,0.574647887323944
70236302,"alanarama3","2/26/21","33.61883193","-117.9298495",NA,0.603305785123967
70236734,"alanarama3","2/26/21","33.61131728","-117.9061512",NA,0.638728323699422
70241303,"alanarama3","2/26/21","33.61883193","-117.9298495",NA,0.50253807106599
72426312,"alanarama3","3/27/21","33.61883193","-117.9298495",NA,0.542857142857143
76028327,"alanarama3","4/30/21","33.61883193","-117.9298495",NA,0.618834080717489
81392164,"alanarama3","5/30/21","33.60399968","-117.8914755",NA,0.567164179104478
107678426,"alanarama3","2/13/22","33.60880315","-117.8893104",NA,0.565853658536585
140437493,"alanarama3","10/10/22","33.60875317","-117.8895992",NA,0.568181818181818
93300574,"alantorretto","9/1/21","32.68161412","-117.2490538",NA,0.315789473684211
110705818,"alantorretto","4/7/22","32.77199167","-117.236405",NA,0.549450549450549
147795337,"alazere","1/24/23","33.48227537","-117.7263059",NA,0.614406779661017
151567091,"alazere","3/18/23","33.7167151","-118.31506",NA,0.5625
151567092,"alazere","3/18/23","33.7167151","-118.31506",NA,0.567307692307692
154491167,"alazere","4/11/23","33.34316716","-117.5191422",NA,0.662460567823344
187504747,"albertorop_","10/13/23","31.71816","-116.666139",NA,0.559006211180124
252166240,"aleemann","11/17/24","35.28997433","-120.8837918",NA,0.53416149068323
5179759,"alex_bairstow","2/25/17","32.87174681","-117.2530903",NA,0.559405940594059
5393289,"alex_bairstow","3/18/17","32.7719726","-117.2372408",NA,0.585820895522388
5495675,"alex_bairstow","3/28/17","33.14534214","-117.3431143",NA,0.568627450980392
5542743,"alex_bairstow","3/30/17","34.40627675","-119.8434967",NA,0.565217391304348
6340932,"alex_bairstow","5/21/17","32.74686749","-117.2540002",NA,0.529605263157895
7182446,"alex_bairstow","7/23/17","32.76092101","-117.246604",NA,0.565079365079365
9699065,"alex_bairstow","1/31/18","33.14582049","-117.3433533",NA,0.525
9910827,"alex_bairstow","2/2/18","33.12891611","-117.3348179",NA,0.658682634730539
11586460,"alex_bairstow","4/27/18","32.76087026","-117.246885",NA,0.541322314049587
13503335,"alex_bairstow","6/16/18","32.81425542","-117.2748805",NA,0.493392070484582
27242425,"alex_bairstow","6/17/19","32.72689994","-117.2566044",NA,0.512396694214876
43783473,"alex_bairstow","4/26/20","33.14462818","-117.340708",NA,0.608888888888889
13479548,"aliciacordero","6/16/18","34.04170989","-118.9157462",NA,0.590909090909091
83560612,"aliciacordero","6/18/21","34.40367167","-119.7479467",NA,0.634146341463415
83561121,"aliciacordero","6/18/21","34.40391667","-119.75003",NA,0.621621621621622
147814768,"alinamartin","1/25/23","32.6715","-117.2450056",NA,0.7
72549884,"alligatorlizard","3/30/21","33.73851244","-118.3752257",NA,0.527027027027027
72551837,"alligatorlizard","3/30/21","33.73834627","-118.3753454",1,0.558730158730159
72551837,"alligatorlizard","3/30/21","33.73834627","-118.3753454",1,0.533101045296167
109107384,"allison_dutra","3/20/22","34.40881248","-119.8743311",1,0.580882352941177
163023275,"allisonjgong","5/21/23","37.18319373","-122.395302",1,0.552631578947368
258288809,"allymoo2","1/11/25","36.63403","-121.9401033",1,0.584795321637427
275413856,"amaricevic","1/19/25","34.41064672","-119.6857916",1,0.447552447552448
84591371,"amazeddesert924","6/26/21","33.54494167","-117.7995217",1,0.614754098360656
90312060,"amidzooids","8/6/21","32.84294903","-117.2816268",1,0.569277108433735
102068600,"amidzooids","11/20/21","34.40646307","-119.8775369",1,0.537313432835821
104330533,"amidzooids","1/2/22","32.66959544","-117.2469301",1,0.586750788643533
105076117,"amidzooids","1/16/22","32.81449047","-117.2745458",1,0.616438356164384
105347065,"amidzooids","1/22/22","32.81447598","-117.2745669",1,0.52156862745098
41419244,"amutti","4/2/20","34.41689309","-119.826698",0,0.586666666666667
263708583,"amutti","2/8/25","34.41674667","-119.825905",0,0.540322580645161
18571228,"amyjaecker-jones","11/22/18","34.45763333","-120.0228722",0,0.533980582524272
26653858,"amyjaecker-jones","6/8/19","33.70687167","-118.2857367",1,0.53921568627451
26653896,"amyjaecker-jones","6/8/19","33.707175","-118.2855867",0,0.613445378151261
27068645,"amyjaecker-jones","6/15/19","34.04435283","-118.93345",1,0.555045871559633
66466597,"andreacala","12/11/20","34.030818","-118.682567",0,0.604651162790698
66613806,"andreacala","12/14/20","34.04438189","-118.9340538",2,0.562992125984252
66614727,"andreacala","12/14/20","34.04424188","-118.9341449",1,0.586206896551724
78830599,"annegero-stillwell","5/15/21","32.87142184","-117.2534982",0,0.567567567567568
60276063,"annikaneve","9/19/20","33.73804167","-118.3754367",1,0.491891891891892
1240684,"anudibranchmom","2/17/15","37.07997251","-122.3417951",0,0.628482972136223
1520661,"anudibranchmom","5/21/15","37.180287","-122.381955",1,0.531746031746032
5990262,"anudibranchmom","4/27/17","36.61722544","-121.8051561",1,0.577844311377245
6802961,"anudibranchmom","6/22/17","32.84411869","-117.2799031",1,0.588679245283019
9491883,"anudibranchmom","1/15/18","34.43406167","-119.9493633",0,0.588652482269504
12555011,"anudibranchmom","5/17/18","36.60163544","-121.9787341",1,0.628099173553719
18367985,"anudibranchmom","11/12/18","36.72035372","-121.8928314",1,0.582278481012658
18594404,"anudibranchmom","11/23/18","34.43286799","-119.9510629",1,0.520249221183801
19148258,"anudibranchmom","12/21/18","36.72256345","-121.9774897",1,0.615873015873016
39742245,"anudibranchmom","3/6/20","37.46266805","-122.5847284",1,0.634069400630915
243286003,"anyagor","9/21/24","32.843063","-117.281878",1,0.572164948453608
243657300,"anyagor","9/21/24","32.82505452","-117.3397532",1,0.52924791086351
240063490,"arcaniac","9/5/24","33.59225833","-117.8721167",0,0.559055118110236
263939069,"arcaniac","3/4/25","33.57928333","-117.852555",0,0.556603773584906
264763192,"arcaniac","3/9/25","33.0201805","-117.2847533",0,0.482905982905983
264770862,"arcaniac","3/9/25","33.01834167","-117.2833117",0,0.559808612440191
322164696,"arcaniac","10/20/25","33.02254167","-117.2860717",NA,0.578947368421053
3409834,"arroyosalix","6/8/16","35.35121828","-120.8451628",1,0.516778523489933
242596171,"artzerphotog","9/17/24","32.8413","-117.282022",1,0.56353591160221
103282309,"asa82896","12/18/21","33.45980835","-117.711731",1,0.555932203389831
103339417,"asa82896","12/19/21","33.46001816","-117.71241",1,0.558490566037736
104318419,"asa82896","1/3/22","33.45996094","-117.7122345",1,0.543778801843318
110533995,"asher_jp_agenine","4/5/22","32.76421585","-117.2506594",0,0.565217391304348
128222856,"austinsmith","7/27/22","32.84353333","-117.2807167",1,0.603260869565217
171405301,"avephill","7/6/23","36.62142944","-121.9034653",1,0.535433070866142
171405301,"avephill","7/6/23","36.62142944","-121.9034653",1,0.532258064516129
86075042,"b_postal","9/12/20","33.71450364","-118.3186057",1,0.586206896551724
86098583,"b_postal","8/2/20","33.54519711","-117.8005975",1,0.588709677419355
204050314,"barbarayo","3/25/24","33.46002","-117.7150367",1,0.539473684210526
204050314,"barbarayo","3/25/24","33.46002","-117.7150367",1,0.5
258969713,"basilisk","1/19/25","34.41071044","-119.6858467",1,0.57396449704142
272109405,"basilisk","4/20/25","34.41081037","-119.6858245",1,0.511363636363636
112790401,"bbesom","4/23/22","32.84369221","-117.2809331",1,0.538888888888889
181004543,"bbesom","8/30/23","32.84336277","-117.2815268",1,0.632743362831858
29153575,"bbunny","7/19/19","34.04472217","-118.93367",0,0.551401869158878
197099029,"becomingsoup","1/19/24","33.56467446","-117.83129",0,0.57258064516129
89495736,"beetle_mch","7/31/21","33.20416344","-117.3940688",0,0.55609756097561
243211024,"befuddledowl","9/21/24","35.3691613","-120.8641257",1,0.592105263157895
276670580,"befuddledowl","4/27/25","35.28984696","-120.8837895",1,0.54375
280705163,"befuddledowl","5/10/25","35.36892352","-120.8636516",1,0.565934065934066
312393623,"bennett_grappone","9/7/25","34.4066881","-119.8780974",0,0.51980198019802
315095007,"bennett_grappone","9/19/25","34.4160965","-119.6741172",0,0.592592592592593
70478339,"billhubick","3/2/21","36.62395169","-121.9404117",0,0.573426573426573
91354150,"birb14","8/12/21","34.049311","-119.5563971",0,0.565217391304348
13857189,"bjdion","6/28/18","33.34379215","-118.3255642",0,0.576419213973799
142410833,"blevine","11/18/22","32.84335","-117.2810222",1,0.530201342281879
19363975,"blueskyes","1/1/19","33.71601167","-118.319655",0,0.555555555555556
259715304,"bos__mutus","1/26/25","35.15828167","-120.6867033",1,0.596026490066225
256854856,"botanicalbrightlife","12/30/24","34.00388125","-118.8043293",1,0.580645161290323
148302456,"brettlowell","1/18/23","36.63466261","-121.9386855",1,0.455445544554455
13618542,"brihong","6/15/18","32.664804","-117.243676",1,0.605769230769231
20896364,"byersconspiracy","3/2/19","36.96538667","-122.1258917",1,0.57563025210084
38450272,"byersconspiracy","2/8/20","37.04223333","-122.2333833",1,0.60377358490566
104313122,"byersconspiracy","12/30/21","32.84833667","-117.276795",0,0.584795321637427
104314041,"byersconspiracy","12/30/21","32.84905","-117.2762667",1,0.516728624535316
258213464,"byobinos","1/11/25","34.43402333","-119.9503083",1,0.569105691056911
197268164,"cactuscait","1/21/24","33.01647076","-117.2817686",0,0.569444444444444
199076803,"calebv15","2/10/24","34.31800939","-119.3900677",0,0.529411764705882
218811032,"calebv15","5/24/24","32.84037809","-117.2820123",0,0.647798742138365
125655293,"calliemack","7/10/22","32.85806486","-117.2604984",1,0.528
149003727,"calliemack","2/17/23","32.76101236","-117.2465953",1,0.549222797927461
201853271,"calliemack","3/8/24","32.85647685","-117.2604337",1,0.575581395348837
201853271,"calliemack","3/8/24","32.85647685","-117.2604337",1,0.594594594594595
210595043,"calliemack","4/27/24","32.7606399","-117.2471829",1,0.522193211488251
228061290,"calliemack","7/5/24","32.70394","-117.27937",1,0.627376425855513
233521014,"calliemack","8/2/24","32.6965","-117.2699",1,0.545774647887324
236605624,"calliemack","8/18/24","32.761593","-117.2466567",1,0.532258064516129
237957588,"calliemack","8/25/24","32.85832888","-117.2651971",1,0.605263157894737
239531742,"calliemack","9/2/24","32.85782912","-117.26239",1,0.645645645645646
267782494,"calliemack","3/30/25","32.8582381","-117.2631365",1,0.560975609756098
300560847,"calliemack","7/23/25","32.85848513","-117.2642783",1,0.516042780748663
313693161,"calliemack","9/13/25","32.76172176","-117.2465983",1,0.553571428571429
268483786,"calvin_h_","4/3/25","33.45995","-117.714775",1,0.570731707317073
262457659,"carlin66","2/20/25","32.77891324","-117.223062",0,0.592233009708738
279212436,"carrieseltzer","5/1/25","37.49442","-122.4993533",1,0.584415584415584
67683173,"casa_de_chaos","12/13/20","32.84176852","-117.281691",1,0.547892720306513
85303813,"casa_de_chaos","7/1/21","32.840905","-117.282005",1,0.552631578947368
227895938,"catchang","7/7/24","37.24673833","-122.419525",1,0.615207373271889
13571967,"cdavis_aop","6/18/18","33.74063658","-118.4036091",1,0.571428571428571
164301074,"cdivers","5/27/23","36.64019019","-121.936161",1,0.52317880794702
270866466,"cdivers","4/6/25","36.52350992","-121.9291556",1,0.542372881355932
3964714,"cedric_lee","8/25/16","33.737376","-118.373378",0,0.587837837837838
4022191,"cedric_lee","9/1/16","33.70735762","-118.2856829",0,0.528301886792453
4022191,"cedric_lee","9/1/16","33.70735762","-118.2856829",0,0.581818181818182
4256615,"cedric_lee","10/1/16","33.01479829","-117.2814184",0,0.611464968152866
4891754,"cedric_lee","4/27/13","34.01403642","-120.3578639",0,0.580381471389646
9026065,"cedric_lee","12/2/17","33.71534167","-118.3192317",1,0.514492753623188
139041487,"chalon9","10/8/22","33.46048333","-117.70752",1,0.576923076923077
49100755,"charlotteseid","6/7/20","32.85668464","-117.2620975",1,0.553191489361702
49100755,"charlotteseid","6/7/20","32.85668464","-117.2620975",1,0.620689655172414
49542609,"charlotteseid","1/19/20","32.85762194","-117.2609602",1,0.617977528089888
80992459,"charlotteseid","5/30/21","32.85668464","-117.2620975",1,0.544776119402985
142656452,"charlotteseid","11/6/22","36.61314352","-121.8924093",1,0.518032786885246
163068095,"charlotteseid","5/21/23","32.85668464","-117.2620975",1,0.511363636363636
207301002,"charlotteseid","4/14/24","32.85668464","-117.2620975",1,0.549356223175966
292280252,"charlotteseid","6/23/25","32.76146631","-117.247435",1,0.517509727626459
311268780,"charlotteseid","8/30/25","36.60422586","-121.8886554",1,0.578947368421053
158366921,"chelegans","4/30/23","32.18735","-116.9126389",1,0.519083969465649
26765566,"cherylstavana","6/10/19","33.37666702","-117.5638885",1,0.558282208588957
62871723,"chilipossum","10/17/20","37.24727","-122.41928",1,0.560669456066946
63128341,"chilipossum","10/18/20","36.62716333","-121.9401117",1,0.582978723404255
63128402,"chilipossum","10/18/20","36.62710333","-121.9401533",1,0.565384615384615
65287613,"chilipossum","11/16/20","37.24810515","-122.4203131",1,0.561752988047809
66506998,"chilipossum","12/12/20","36.63496398","-121.9390746",1,0.62753036437247
66507086,"chilipossum","12/12/20","36.63529209","-121.9391488",1,0.554285714285714
67379210,"chilipossum","12/30/20","34.40624167","-119.8778967",1,0.475352112676056
67379240,"chilipossum","12/30/20","34.40628333","-119.8779083",1,0.530249110320285
67379247,"chilipossum","12/30/20","34.40654167","-119.87812",1,0.439024390243902
76433405,"chilipossum","5/1/21","36.62727","-121.9408033",1,0.597122302158273
84481796,"chilipossum","6/24/21","37.24807804","-122.4206397",1,0.53416149068323
84843014,"chilipossum","6/26/21","37.25209357","-122.4180759",1,0.573825503355705
86960858,"chilipossum","7/12/21","36.62722","-121.94337",1,0.578125
88641162,"chilipossum","7/25/21","37.24598463","-122.4190984",1,0.568904593639576
88641193,"chilipossum","7/25/21","37.246345","-122.419725",1,0.611721611721612
92161430,"chilipossum","8/22/21","37.24718749","-122.4201128",1,0.523131672597865
100575159,"chilipossum","11/7/21","37.24743889","-122.419475",1,0.562770562770563
102513179,"chilipossum","12/4/21","37.24706944","-122.4196583",1,0.592105263157895
102513185,"chilipossum","12/4/21","37.247175","-122.4195306",1,0.566820276497696
104018873,"chilipossum","12/30/21","33.54328667","-117.7919288",1,0.528169014084507
104171125,"chilipossum","12/30/21","33.54339464","-117.7912956",1,0.540785498489426
105954475,"chilipossum","1/31/22","36.62765278","-121.9405972",1,0.566326530612245
122101183,"chilipossum","6/16/22","37.19350333","-122.4020117",1,0.578947368421053
124021082,"chilipossum","6/29/22","37.49491111","-122.4992833",1,0.563025210084034
126144534,"chilipossum","7/13/22","33.58831341","-117.8676324",1,0.554263565891473
126778877,"chilipossum","7/16/22","33.58882203","-117.8681217",1,0.539184952978056
130656159,"chilipossum","8/13/22","37.24737","-122.4196717",1,0.537906137184116
130676556,"chilipossum","8/13/22","37.24682778","-122.4196056",1,0.557093425605536
140129322,"chilipossum","10/26/22","35.3702838","-120.8571971",1,0.602649006622517
140207144,"chilipossum","10/26/22","35.28970333","-120.8837083",1,0.555555555555556
144211176,"chilipossum","12/11/22","33.58119833","-117.855595",0,0.571428571428571
149210306,"chilipossum","2/19/23","33.59846353","-117.8830756",1,0.530674846625767
149390708,"chilipossum","2/21/23","33.59916266","-117.8832429",1,0.584269662921348
161026567,"chilipossum","5/10/23","37.24626076","-122.4191296",1,0.597597597597598
165936592,"chilipossum","6/6/23","37.24569071","-122.4189699",1,0.651162790697674
166177987,"chilipossum","6/7/23","36.62703677","-121.9390391",1,0.582914572864322
171060004,"chilipossum","7/3/23","37.2467146","-122.4194809",1,0.560669456066946
193851243,"chilipossum","12/12/23","37.24715","-122.4195833",1,0.576512455516014
206689350,"chilipossum","4/11/24","37.24650148","-122.41921",1,0.549668874172185
218038350,"chilipossum","5/24/24","37.24749167","-122.4194944",1,0.591928251121076
218242719,"chilipossum","5/25/24","37.19354833","-122.4021417",1,0.578796561604584
250405027,"chilipossum","11/3/24","37.49503333","-122.4992133",1,0.589970501474926
258310877,"chilipossum","1/11/25","37.31728047","-122.4843796",1,0.58974358974359
277237412,"chilipossum","4/30/25","37.20279056","-122.4401768",1,0.606508875739645
292706082,"chilipossum","6/25/25","37.22839202","-122.5210111",1,0.562737642585551
293501409,"chilipossum","6/28/25","37.38879516","-122.4803523",1,0.608974358974359
36049813,"chloe_and_trevor","11/24/19","36.62716224","-121.9405621",1,0.538793103448276
102701576,"chloe_and_trevor","12/6/21","35.28966288","-120.8844396",1,0.633333333333333
196681914,"chloe_and_trevor","1/13/24","32.84326925","-117.2814837",1,0.634980988593156
257088783,"chogthedog","1/1/25","37.49504167","-122.4992367",1,0.585365853658537
257185878,"chouch7","1/1/25","37.47043306","-122.4729847",1,0.574850299401198
71664422,"christophermayhew","3/6/21","33.73819167","-118.3754817",1,0.517441860465116
66603673,"christrent","12/14/20","34.03003804","-118.6818623",1,0.496932515337423
143140157,"christrent","11/25/22","33.54684556","-117.8706925",1,0.607235142118863
55549,"chriswbrown","3/4/12","32.66972338","-117.2453725",1,0.532894736842105
107763662,"chrysaetos","2/27/22","32.669505","-117.2456583",0,0.532967032967033
134605949,"cindyoleary","3/7/86","32.68058672","-117.1808623",0,0.575829383886256
121976655,"cintylee","6/15/22","33.58970181","-117.8685693",1,0.579268292682927
37938734,"cjackson","1/24/20","32.718005","-117.256745",1,0.544943820224719
69829684,"cjackson","2/18/21","32.94926475","-117.2657719",0,0.5703125
196477436,"cjackson","1/12/24","32.94091333","-117.2629783",0,0.591836734693878
196477436,"cjackson","1/12/24","32.94091333","-117.2629783",0,0.557522123893805
201874004,"cjackson","3/9/24","33.12631117","-117.3321133",0,0.571428571428571
110350704,"clarkj5","4/3/22","33.54328","-117.789025",1,0.542857142857143
204655160,"cmario","3/29/24","33.48363667","-117.727225",0,0.57752808988764
105300067,"co_ra","1/20/22","33.80371393","-118.3953739",0,0.558441558441558
150897489,"co_ra","3/11/23","33.7197407","-118.3278496",0,0.5
278103094,"coiebungasciencesquad","3/21/25","34.3183821","-119.3888643",0,0.564102564102564
281336560,"colec77","5/2/24","32.84183833","-117.28205",1,0.542168674698795
105477252,"colediem","1/3/22","34.19729304","-118.6477727",0,0.522388059701492
248599414,"colediem","10/19/24","34.02226401","-118.6054063",1,0.644444444444444
146997474,"colinrobinson87","1/20/23","33.58665111","-117.8663673",1,0.588888888888889
148719323,"colinrobinson87","2/13/23","33.54657968","-117.8047796",1,0.610526315789474
150377038,"colinrobinson87","3/5/23","33.54642397","-117.8044555",1,0.574468085106383
174804910,"colinrobinson87","7/24/23","33.58994229","-117.8693538",1,0.574257425742574
221340606,"colinrobinson87","6/8/24","33.54673804","-117.8050133",1,0.575342465753425
125649965,"colorado_crustaceans","7/10/22","32.86975702","-117.2540095",1,0.54320987654321
146746541,"crabsandshrimps","11/7/17","33.46493134","-119.0488223",1,0.563432835820896
259003140,"creatureenthusiast","1/4/25","35.27522133","-120.8883911",0,0.55
66706016,"ctrubo","12/14/20","32.9991","-117.2790667",0,0.580808080808081
256436092,"cypseloides","12/27/24","36.9658107","-122.1253263",0,0.594795539033457
144639488,"cypselurus","12/18/22","35.289345","-120.8831867",1,0.58273381294964
209164024,"d_klein","3/26/24","32.74718667","-117.25412",1,0.563725490196078
14759727,"damontighe","7/24/18","33.14255833","-117.3407133",0,0.566552901023891
105980277,"damontighe","1/31/22","37.18479722","-122.3972083",1,0.582872928176796
26425513,"daniam","6/4/19","37.24128523","-122.4194626",1,0.546448087431694
171822802,"darfio","7/8/23","32.84363384","-117.2807106",1,0.49171270718232
107232633,"daria_mattly","2/21/22","37.08536667","-122.2707833",0,0.543478260869565
144892066,"daria_mattly","12/22/22","37.07923883","-122.2682333",1,0.577922077922078
62833666,"darrellsandspencersdives","10/17/20","32.8531414","-117.2606995",1,0.486301369863014
73537294,"darrellsandspencersdives","4/10/21","32.85152576","-117.2732908",1,0.556390977443609
92851377,"darrellsandspencersdives","8/28/21","33.53051462","-117.7774322",1,0.547368421052632
133519851,"darrellsandspencersdives","9/3/22","32.85718576","-117.2616624",1,0.596059113300493
157758428,"darrellsandspencersdives","4/29/23","32.85152576","-117.2732908",1,0.574324324324324
196783870,"darrellsandspencersdives","1/15/24","32.85718576","-117.2616624",1,0.550314465408805
6848935,"darthlittle","6/29/17","33.54302248","-117.7924397",1,0.559701492537313
3414773,"david145","6/8/16","33.74055833","-118.403525",1,0.539170506912442
137498255,"david99","10/2/22","33.57809667","-117.8460167",0,0.662162162162162
137498255,"david99","10/2/22","33.57809667","-117.8460167",0,0.534883720930233
137498255,"david99","10/2/22","33.57809667","-117.8460167",0,0.631578947368421
203202361,"davidliu00","3/16/24","36.61237015","-121.8943967",1,0.514851485148515
47643805,"dcmetz","5/28/20","32.87150833","-117.2534917",1,0.546875
197413930,"desert_daydreamer","1/19/24","33.57267013","-117.8399457",1,0.585365853658537
197486072,"desert_daydreamer","1/22/24","35.2897703","-120.8837947",1,0.598684210526316
197490214,"desert_daydreamer","1/22/24","35.2895649","-120.8835283",1,0.5260663507109
197662906,"desert_daydreamer","1/26/24","36.63560044","-121.9253768",1,0.554878048780488
84996315,"digitaltidepool","6/29/21","33.579318","-117.853366",1,0.610486891385768
87159133,"digitaltidepool","7/15/21","33.588048","-117.867556",1,0.490853658536585
99039589,"digitaltidepool","10/22/21","33.58823997","-117.867578",1,0.598425196850394
301882778,"digitaltidepool","7/28/25","33.5836935","-117.8619645",1,0.612121212121212
200471422,"diomedea_exulans_li","2/25/24","37.49495833","-122.499245",1,0.546296296296296
325299370,"diomedea_exulans_li","11/6/25","36.6153181","-121.8216097",1,0.512315270935961
307832149,"dirtypopcorn","8/20/25","32.840095","-117.2823783",1,0.534883720930233
314038903,"divebuddy","9/14/25","36.52058333","-121.9395",1,0.619718309859155
142226725,"djringer","11/17/22","32.78247","-117.2506167",0,0.524137931034483
4766854,"dlbowls","12/12/16","34.00611226","-118.8006324",1,0.577540106951872
4767051,"dlbowls","12/12/16","34.00305268","-118.8048112",0,0.593023255813954
4935041,"dlbowls","1/11/17","34.04440994","-118.9331388",0,0.55700325732899
5026834,"dlbowls","1/29/17","34.04486333","-118.9331603",1,0.539906103286385
5060495,"dlbowls","2/5/17","34.38757514","-119.5143414",1,0.567934782608696
5449869,"dlbowls","3/24/17","34.38014646","-119.485352",0,0.518930957683742
5780887,"dlbowls","4/16/17","34.04455663","-118.9327741",0,0.608571428571429
6818108,"dlbowls","6/26/17","34.37489551","-119.479816",0,0.651282051282051
7256433,"dlbowls","7/28/17","34.37331928","-119.4794297",1,0.5
13602680,"dlbowls","6/19/18","34.0445599","-118.9330826",1,0.570149253731343
13764281,"dlbowls","6/24/18","34.37423153","-119.4796413",0,0.566757493188011
23865893,"dlbowls","4/28/19","34.04626992","-118.9293065",0,0.620689655172414
37833745,"dlbowls","1/21/20","34.0304629","-118.6830653",1,0.603399433427762
75123745,"dlbowls","4/21/21","34.5045408","-120.4994046",1,0.593220338983051
102730663,"dlbowls","12/4/21","32.99991719","-117.2792088",1,0.524475524475524
114503725,"dlbowls","4/29/22","34.03186295","-118.6796579",0,0.56657223796034
222560975,"dlbowls","6/12/24","34.04592719","-118.9302319",0,0.582608695652174
28189218,"dmc_oceaninvertebrates","7/4/19","34.40684366","-119.8777272",1,0.589519650655022
144829496,"doublebio","12/21/22","32.84363303","-117.2805574",1,0.534722222222222
1240956,"dpom","2/17/15","37.045342","-122.237792",0,0.611374407582938
1521974,"dpom","5/21/15","37.18113611","-122.3814556",1,0.512820512820513
3404390,"dpom","6/7/16","37.18269722","-122.3885472",1,0.540740740740741
13530671,"dpom","6/17/18","37.24731111","-122.4196833",1,0.567164179104478
20930985,"dpom","3/3/19","36.59127366","-121.9642925",0,0.550724637681159
36548334,"dpom","7/1/75","34.44820842","-120.4691911",0,0.586776859504132
198107160,"drewvilleneuve","1/27/24","34.00375381","-118.8038145",1,0.546762589928058
122523138,"dryrunner","6/19/22","34.04410283","-118.9337",0,0.582089552238806
322843889,"dtsapalas","10/23/25","33.54254102","-117.7886535",0,0.55
48369614,"dwdaniels","6/2/20","36.60978732","-121.8936511",1,0.585820895522388
149411765,"dylanhardenbrook","2/22/23","32.94846463","-117.2650838",0,0.532374100719424
309415855,"dylanotterpop","10/26/23","34.410498","-119.6857201",1,0.534883720930233
107528363,"e-meling","2/26/22","31.87463667","-116.6818617",1,0.542662116040956
272077657,"e-meling","4/18/25","28.47044444","-114.0487889",1,0.520958083832335
261164206,"eaglebeach","1/30/25","33.73940998","-118.1040815",0,0.616071428571429
95359201,"ekoberle","9/18/21","33.58869306","-117.8677617",1,0.520754716981132
257543460,"ekoberle","1/1/25","32.84322584","-117.2816618",1,0.504545454545455
104436827,"ellena4","1/5/22","33.58965501","-117.8684788",1,0.594771241830065
151371768,"emilychebul","3/13/23","33.57971667","-117.8536222",0,0.51063829787234
191146918,"emlim","11/15/23","36.62447167","-121.91558",1,0.546052631578947
192166450,"emlim","11/14/23","36.61274901","-121.893686",1,0.547368421052632
194166634,"ericklug","12/16/23","33.03476667","-117.2941583",1,0.511904761904762
194166634,"ericklug","12/16/23","33.03476667","-117.2941583",1,0.460526315789474
194166634,"ericklug","12/16/23","33.03476667","-117.2941583",1,0.467532467532468
101291540,"eridanlover","11/16/21","33.13049717","-117.3360133",1,0.563758389261745
48300629,"erininmd","5/30/20","33.58020833","-117.8539667",1,0.540372670807453
268832110,"ethanxk","4/5/25","33.73064722","-118.354725",1,0.516908212560386
105669932,"euproserpinus","1/1/22","36.627175","-121.9401633",1,0.604982206405694
194944964,"ev3olution","12/26/23","33.58885333","-117.86805",1,0.571969696969697
260376494,"evelyn278","1/29/25","36.63402167","-121.9395367",1,0.532846715328467
68456862,"everelem","1/16/21","34.40691544","-119.8785096",0,0.578313253012048
153768439,"ezeemonee","4/6/23","36.45264167","-121.9292833",0,0.575438596491228
165951263,"farwes","6/6/23","36.63553868","-121.9385413",1,0.626373626373626
168123114,"farwes","6/18/23","36.635985","-121.9381433",1,0.578313253012048
37541610,"fhjoyce","1/11/20","36.62497743","-121.9146387",1,0.583333333333333
2464404,"finatic","12/6/15","33.000416","-117.279276",0,0.562753036437247
2591768,"finatic","1/16/16","32.559359","-117.131239",0,0.538167938931298
2616212,"finatic","1/23/16","33.46155","-117.686123",0,0.539156626506024
2624986,"finatic","1/23/16","33.014922","-117.281573",0,0.566666666666667
2625614,"finatic","1/23/16","33.017141","-117.283078",0,0.607142857142857
2625635,"finatic","1/23/16","33.015261","-117.281548",0,0.61003861003861
2687045,"finatic","2/6/16","32.842334","-117.281555",0,0.622857142857143
3447168,"finatic","6/10/16","32.842085","-117.2815717",0,0.634408602150538
4363983,"finatic","10/2/16","33.015555","-117.2816667",0,0.612099644128114
4417847,"finatic","10/15/16","32.84236667","-117.28152",1,0.574468085106383
4422794,"finatic","10/12/16","33.01563","-117.2817",0,0.537414965986395
4422794,"finatic","10/12/16","33.01563","-117.2817",0,0.576576576576577
4422794,"finatic","10/12/16","33.01563","-117.2817",0,0.581632653061224
4422794,"finatic","10/12/16","33.01563","-117.2817",0,0.6625
4422794,"finatic","10/12/16","33.01563","-117.2817",0,0.57843137254902
4422794,"finatic","10/12/16","33.01563","-117.2817",0,0.597402597402597
4422794,"finatic","10/12/16","33.01563","-117.2817",0,0.671428571428571
4978406,"finatic","1/14/17","32.77182667","-117.2377883",0,0.57243816254417
14705722,"finatic","7/14/18","32.84268833","-117.28143",0,0.562326869806094
16892585,"finatic","9/22/18","32.77194977","-117.2534332",0,0.573584905660377
80908702,"flapflapglide","5/30/21","32.8411111","-117.2816667",1,0.551724137931034
84722359,"flapflapglide","6/27/21","32.8411111","-117.2816667",1,0.566326530612245
160013485,"fowlivia","4/30/23","34.04517","-118.93277",1,0.515789473684211
61537763,"g_heaton","10/2/20","34.03070086","-118.6831309",0,0.577319587628866
61639462,"g_heaton","10/3/20","33.70756843","-118.2954568",1,0.544
63804276,"g_heaton","10/29/20","34.03787169","-118.8828367",0,0.581560283687943
68939415,"g_heaton","1/30/21","35.284291","-120.887083",1,0.612121212121212
68939428,"g_heaton","1/30/21","35.28429071","-120.8870916",1,0.590425531914894
69171619,"g_heaton","2/6/21","33.70536389","-118.2888083",1,0.524590163934426
316679673,"gabgoesoutside","1/29/25","36.95767","-121.9683383",1,0.578378378378378
13526246,"gbentall","6/17/18","35.53402","-121.0866695",1,0.515981735159817
200876841,"gcwarbler","2/29/24","33.46181333","-117.685145",0,0.596091205211726
73697014,"ghoftman","4/11/21","33.73810333","-118.3754667",1,0.546448087431694
74775310,"ghoftman","4/21/21","33.738155","-118.3752583",1,0.585106382978723
77142274,"ghoftman","4/28/21","33.73797167","-118.37587",1,0.587020648967552
100392318,"ghoftman","11/5/21","33.73797167","-118.3755583",1,0.535885167464115
277891282,"grace_anello","5/2/25","32.84162807","-117.2816568",1,0.607843137254902
37274643,"graham_montgomery","12/23/19","33.74037333","-118.40361",0,0.569190600522193
25359932,"grantlaw","5/18/19","33.54439564","-117.7997487",1,0.591973244147157
30524535,"grantlaw","8/6/19","33.83461872","-118.3978085",1,0.541284403669725
126532700,"grantlaw","7/16/22","33.83602024","-118.3937151",1,0.61
3415986,"gwennoda","6/8/16","33.741523","-118.403962",1,0.595505617977528
201763447,"halliebrown","3/8/24","37.24387833","-122.4187033",1,0.561538461538462
149192108,"havocpigeon","2/19/23","32.99887496","-117.2786135",1,0.517241379310345
196625436,"havocpigeon","1/13/24","32.99839548","-117.2786412",1,0.473118279569892
15769047,"heatherthehawk","9/15/07","36.62834057","-121.9133092",1,0.619402985074627
108869950,"hedgehog32","3/17/22","36.6260687","-121.9158676",1,0.634782608695652
19738901,"heidiwarecarlisle","1/19/19","32.71925033","-117.256784",0,0.547368421052632
90943722,"helgeweissig","5/25/21","32.85545848","-117.2618883",1,0.536480686695279
289554409,"hemo_noises","6/13/25","36.6271321","-121.9402322",1,0.576271186440678
103531933,"hfb","12/19/21","36.61652994","-121.8972141",1,0.551282051282051
103531933,"hfb","12/19/21","36.61652994","-121.8972141",0,0.496815286624204
74590403,"hkibak","4/19/21","32.8183441","-117.2747943",1,0.532
74606364,"hkibak","4/19/21","32.81845065","-117.2750645",1,0.590277777777778
263081931,"hkibak","2/11/25","32.818345","-117.2750333",0,0.522309711286089
151575064,"hmheinz","3/18/23","37.49384926","-122.4992028",1,0.57201646090535
89969120,"hogpotato","8/4/21","34.0445508","-118.9406949",0,0.569230769230769
59291802,"honu","9/6/20","36.62620523","-121.916399",1,0.979381443298969
59291802,"honu","9/6/20","36.62620523","-121.916399",1,0.591463414634146
93263174,"hsug1747","8/31/21","34.04527864","-118.9330472",0,0.542635658914729
93263174,"hsug1747","8/31/21","34.04527864","-118.9330472",0,0.581196581196581
93263174,"hsug1747","8/31/21","34.04527864","-118.9330472",0,0.557894736842105
93263174,"hsug1747","8/31/21","34.04527864","-118.9330472",0,0.557142857142857
93263174,"hsug1747","8/31/21","34.04527864","-118.9330472",0,0.651515151515151
93263174,"hsug1747","8/31/21","34.04527864","-118.9330472",0,0.582089552238806
101056740,"iamsharkgirl","11/13/21","32.81463334","-117.2735583",0,0.576923076923077
106019007,"ian253","1/19/22","32.85091601","-117.2739161",1,0.514450867052023
81269025,"ibrake4botany","5/30/21","32.84287","-117.2816867",1,0.533073929961089
10307939,"imlichentoday","2/28/17","32.84808185","-117.2771645",1,0.55982905982906
49455350,"imlichentoday","6/12/20","32.85960726","-117.2628927",1,0.551470588235294
54797275,"imlichentoday","7/29/20","32.86145152","-117.2580624",1,0.657657657657658
56257337,"imlichentoday","8/12/20","32.85783822","-117.2611962",1,0.52962962962963
57685671,"imlichentoday","8/26/20","32.85852563","-117.2614868",1,0.536666666666667
57981714,"imlichentoday","8/28/20","32.85706315","-117.2615825",1,0.54874651810585
71519718,"imlichentoday","3/18/21","32.85204471","-117.2705043",1,0.5141065830721
86732969,"imlichentoday","7/11/21","32.84114716","-117.2821978",1,0.406015037593985
231023231,"intertidal","7/19/24","32.84462529","-117.2796014",1,0.589595375722543
231026216,"intertidal","7/20/24","34.03729768","-118.6076474",1,0.498381877022654
294114148,"intertidal","6/28/25","32.8411111","-117.2816667",1,0.530685920577617
305806929,"intertidal","8/11/25","32.8411111","-117.2816667",1,0.563953488372093
265450067,"isaac550","3/15/25","36.52800824","-121.9257407",0,0.530054644808743
266802561,"isaac550","3/24/25","36.61468718","-121.9454309",0,0.588235294117647
266802689,"isaac550","3/24/25","36.6128984","-121.9466526",0,0.581005586592179
281063349,"isaac550","5/14/25","36.63808263","-121.9374863",0,0.645021645021645
287166370,"isaac550","6/5/25","36.63828256","-121.9378689",0,0.561904761904762
287166486,"isaac550","6/5/25","36.63821718","-121.937349",0,0.474074074074074
226322733,"isabelbowen","6/29/24","36.60975","-121.8942694",1,0.533333333333333
313484300,"isabelbowen","9/7/25","36.52054327","-121.939805",1,0.56221198156682
180078355,"itazura","8/24/23","33.60893333","-117.9256133",0,0.588571428571429
166690954,"ivan12","6/10/23","34.45998793","-120.0643405",1,0.616113744075829
167954050,"ivan12","6/17/23","34.46275481","-120.1016533",1,0.543859649122807
171793927,"ivan12","7/6/23","34.01476416","-119.4198243",1,0.603053435114504
66512449,"ivanparr","12/12/20","37.16282458","-122.3801535",1,0.581005586592179
131158598,"izi_izi","8/16/22","32.84778465","-117.2785818",0,0.646551724137931
131158598,"izi_izi","8/16/22","32.84778465","-117.2785818",0,0.58041958041958
131158598,"izi_izi","8/16/22","32.84778465","-117.2785818",0,0.577380952380952
70010199,"j-stauffer","3/15/14","34.0140925","-119.3851408",1,0.583892617449664
302234834,"jacksonmaurer","7/28/25","32.67860179","-117.1799238",0,0.544303797468354
261188957,"jajeummm","2/9/25","36.62703","-121.9404967",1,0.528925619834711
277137990,"jajeummm","4/30/25","36.63838","-121.9381783",1,0.52991452991453
285092513,"jajeummm","5/29/25","36.63803833","-121.9378133",1,0.649122807017544
26898552,"jamesparham","6/12/19","33.57973","-117.853775",1,0.587628865979381
26898589,"jamesparham","6/12/19","33.5797","-117.8537617",1,0.595419847328244
150009211,"janno","2/27/23","32.6722558","-117.2416094",1,0.592
24063678,"jannvendetti","4/28/19","33.70815028","-118.2853274",1,0.540372670807453
24063824,"jannvendetti","4/28/19","33.70815028","-118.2853274",1,0.492610837438424
100125983,"jannvendetti","11/1/21","34.37540021","-119.4732177",1,0.551569506726457
105918855,"jannvendetti","1/29/22","33.70777937","-118.2849882",1,0.603658536585366
231290502,"jcdrey","6/18/24","33.7071776","-118.2861842",0,0.548387096774194
16537462,"jeffgoddard","10/6/17","34.433885","-119.950972",1,0.552380952380952
20520525,"jeffgoddard","2/19/19","35.29008998","-120.8843497",1,0.623655913978495
28199572,"jeffgoddard","7/4/19","35.28982945","-120.884479",1,0.622549019607843
319617520,"jeffgoddard","9/23/25","34.39449849","-119.7330664",1,0.603030303030303
324816006,"jenasis_dawly","11/3/25","33.99494502","-118.4799338",0,0.548192771084337
23574531,"jenesaisqu0i","4/27/19","33.70564345","-118.2884568",1,0.556603773584906
196636553,"jennfields","1/13/24","35.28973833","-120.8840167",1,0.525316455696203
215742887,"jeremy_jodoin","5/11/24","34.01594183","-119.3733502",1,0.633663366336634
222397084,"jeremy_jodoin","6/11/24","33.83596049","-118.3933623",1,0.568965517241379
225661207,"jeremy_jodoin","6/25/24","33.8362109","-118.3937477",1,0.559633027522936
235660311,"jeremy_jodoin","8/8/24","33.83680816","-118.3963837",1,0.537593984962406
54569633,"jflydives","7/25/20","32.85914748","-117.2633858",1,0.513966480446927
199838667,"jjzhong","1/12/24","36.62188333","-121.9047083",1,0.560975609756098
65616815,"jmaughn","11/25/20","36.9783509","-121.934429",0,0.544891640866873
68894253,"jmaughn","1/31/21","36.60157281","-121.8884519",0,0.572463768115942
68894253,"jmaughn","1/31/21","36.60157281","-121.8884519",0,0.586206896551724
68894253,"jmaughn","1/31/21","36.60157281","-121.8884519",0,0.574803149606299
171097055,"joepaquin","7/4/23","37.07880656","-122.268594",1,0.556231003039514
174160115,"joepaquin","7/19/23","34.40559559","-119.8778185",1,0.536964980544747
176473074,"joepaquin","8/3/23","37.24610826","-122.4196773",1,0.573770491803279
218709116,"joepaquin","5/27/24","37.0779701","-122.2676928",1,0.587301587301587
107510587,"jorgehvaldez","2/26/22","31.89712778","-116.7129222",1,0.536585365853659
147858089,"jroycha","2/1/23","34.40891297","-119.867227",1,0.588785046728972
151784247,"jroycha","3/20/23","34.40868235","-119.8420444",1,0.498371335504886
268807412,"juliadevine","4/5/25","36.62687833","-121.9407367",1,0.597156398104265
289359211,"juliadevine","6/13/25","36.626295","-121.93833",1,0.544943820224719
97061564,"juliamarkey","10/3/21","33.5899729","-117.8687359",1,0.54320987654321
98544792,"juliamarkey","10/17/21","33.5899729","-117.8687359",1,0.492957746478873
104328040,"juliamarkey","1/3/22","33.58839992","-117.8679205",1,0.590733590733591
104477895,"juliamarkey","1/5/22","33.59099618","-117.8737008",1,0.462686567164179
105895684,"juliamarkey","1/30/22","33.53699778","-117.79634",1,0.517808219178082
106608931,"juliamarkey","2/11/22","33.53413685","-117.7983996",1,0.551515151515152
109812226,"juliamarkey","3/27/22","33.53242213","-117.7929076",1,0.555555555555556
110368218,"juliamarkey","4/3/22","33.58948135","-117.8689076",1,0.564189189189189
195586792,"juliamarkey","12/27/23","36.63312962","-121.9388606",1,0.504065040650406
227900394,"kawaiiseaotter","7/6/24","32.84191395","-117.282143",1,0.557251908396947
285579805,"keithpittluck","5/30/25","33.83185333","-118.3915783",0,0.58984375
21465266,"kelptaylor","3/20/19","34.40694918","-119.8778049",1,0.573770491803279
208827380,"kennedycrivera","4/22/24","34.41083833","-119.6858667",1,0.49802371541502
161544793,"kentvv","2/16/23","36.6266261","-121.9155104",1,0.622754491017964
20963031,"kestrel","3/4/19","37.49501667","-122.4991417",1,0.535398230088496
38944590,"kestrel","2/20/20","32.81404444","-117.2744778",1,0.566371681415929
84482784,"kestrel","6/23/21","37.22640833","-122.4111944",0,0.546632124352332
121916035,"kestrel","6/15/22","37.24697222","-122.4197028",1,0.588785046728972
121916058,"kestrel","6/15/22","37.2471585","-122.4197133",1,0.475504322766571
171295449,"kestrel","7/5/23","37.24718889","-122.4196444",1,0.61283185840708
171295465,"kestrel","7/5/23","37.24717778","-122.4196417",1,0.566433566433566
171464416,"kestrel","7/6/23","36.62116389","-121.9033972",1,0.534177215189873
261213178,"kestrel","2/9/25","37.246975","-122.4196229",1,0.644886363636364
253338264,"kim215","11/22/24","36.61034912","-121.8928737",1,0.565656565656566
277087992,"kim215","4/30/25","34.01595489","-119.3718915",1,0.585253456221198
278411165,"kim215","5/3/25","33.46792356","-118.5265115",1,0.5
3414058,"kimssight","6/8/16","33.74076781","-118.4037484",1,0.607017543859649
98857035,"kiwibird96","10/20/21","32.84317024","-117.2810218",1,0.496551724137931
60926398,"kkj10b","9/26/20","33.714145","-118.3176583",1,0.555555555555556
106556099,"krc_oceans","2/11/22","33.59068495","-117.8710747",1,0.588785046728972
101584379,"kristalwatrous","11/20/21","33.58897148","-117.8680432",1,0.537142857142857
259031008,"kristalwatrous","1/11/25","33.59036667","-117.8707417",1,0.547619047619048
229018188,"kroessler","7/13/24","32.76116687","-117.2466295",1,0.472677595628415
5860,"kueda","2/28/10","34.43410492","-119.9497299",1,0.51875
684619,"kueda","5/18/14","35.445574","-120.946388",1,0.580952380952381
13533491,"kueda","6/17/18","37.18482667","-122.39708",1,0.601476014760148
103351169,"kueda","12/18/21","37.08678662","-122.2747811",1,0.618131868131868
103351172,"kueda","12/18/21","37.08678662","-122.2747811",1,0.536516853932584
149208112,"kueda","2/19/23","37.24698397","-122.4196072",1,0.615702479338843
34103369,"kuyeda","10/8/19","32.55126953","-117.1237259",1,0.486486486486487
125105613,"kuyeda","7/6/22","32.76979444","-117.2242306",0,1.00961538461538
222112261,"kuyeda","6/9/24","32.84071389","-117.2821444",1,0.514705882352941
106292515,"kwalks146","2/6/22","33.38145073","-117.5834184",0,0.638888888888889
286090963,"kylaswhite","5/31/25","32.83362784","-117.2265749",1,0.561576354679803
144656162,"laiet17","12/18/22","35.28939167","-120.8831717",1,0.542274052478134
198959973,"laiet17","2/10/24","32.87155833","-117.253495",1,0.619289340101523
266319855,"laiet17","3/10/25","32.83247019","-117.2824628",1,0.511627906976744
174995155,"larandas","7/25/23","33.543","-117.7922833",1,0.560810810810811
26698305,"lauren101","6/9/19","33.74081667","-118.4039467",1,0.561290322580645
197090475,"lbiological","1/19/24","32.98001181","-117.2726649",0,0.549450549450549
147240021,"leaf99","1/23/23","32.83983667","-117.2824083",1,0.590643274853801
194939210,"leaf99","12/26/23","33.131875","-117.3368083",0,0.545454545454545
108955433,"lem504","3/17/22","32.8575","-117.262778",1,0.467032967032967
8705251,"lemurdillo","11/5/17","36.62716","-121.940215",1,0.56078431372549
9348073,"lemurdillo","12/30/17","35.92147518","-121.4716977",0,0.605177993527508
237088169,"leoroche","10/20/23","34.0425415","-118.9230881",0,0.590163934426229
126769089,"leytonjfreid","7/13/22","33.44227072","-118.4909881",0,0.606060606060606
274987761,"leytonjfreid","4/19/25","36.62258825","-121.9109799",0,0.538461538461538
23077700,"lg_meanders","4/23/19","36.62682005","-121.9405179",1,0.567441860465116
23077703,"lg_meanders","4/23/19","36.62661771","-121.9405072",1,0.544585987261146
26785328,"lg_meanders","6/6/19","35.28965037","-120.8840147",1,0.550561797752809
37545505,"lg_meanders","1/11/20","32.66983594","-117.2454904",0,0.541237113402062
38560113,"lg_meanders","2/10/20","37.0781748","-122.2748495",1,0.557377049180328
73059027,"lg_meanders","4/1/21","37.07894167","-122.26796",1,0.533536585365854
75747812,"lg_meanders","4/29/21","35.289675","-120.8846617",1,0.62874251497006
102603577,"lg_meanders","12/5/21","37.246935","-122.4196617",1,0.534090909090909
215173580,"lg_meanders","5/11/24","37.07875333","-122.2680033",1,0.544987146529563
80796714,"lherrell","5/29/21","34.435105","-119.9299783",0,0.558035714285714
102580138,"lherrell","12/5/21","34.41054167","-119.8412783",0,0.547826086956522
105944474,"lherrell","1/31/22","34.43522833","-119.9324867",0,0.517391304347826
106648220,"lherrell","2/12/22","34.40887833","-119.8420867",0,0.591549295774648
112587896,"lherrell","4/23/22","34.41716167","-119.8195717",0,0.571428571428571
149648132,"lherrell","2/25/23","34.41020833","-119.842195",0,0.564516129032258
153763714,"lherrell","4/6/23","34.43135833","-119.917245",0,0.590425531914894
170490885,"lherrell","7/1/23","34.41621167","-119.831795",0,0.543859649122807
185685944,"lherrell","9/30/23","34.416675","-119.8242633",0,0.569767441860465
192283052,"lherrell","11/26/23","34.43538667","-119.93373",0,0.579399141630901
197166447,"lherrell","1/20/24","34.40347","-119.7469417",0,0.592592592592593
215591608,"lherrell","5/13/24","34.41613833","-119.8317117",0,0.534883720930233
306547818,"lherrell","8/15/25","34.43226667","-119.9180967",0,0.622857142857143
40986592,"littletiff99","10/19/10","33.61930105","-118.2293473",1,0.56140350877193
112893683,"liuk-a-bug","4/25/22","34.41058514","-119.8417293",0,0.565789473684211
130034393,"liuk-a-bug","8/8/22","34.40644322","-119.8428594",0,0.547619047619048
146438325,"liuk-a-bug","1/12/23","34.406299","-119.843803",0,0.561320754716981
262754589,"lizardeve","2/22/25","34.38770745","-119.5154592",0,0.524926686217009
199165520,"ljv2023","2/12/24","34.41712","-119.6463",0,0.539170506912442
199871639,"ljv2023","2/19/24","34.41070333","-119.695495",0,0.617910447761194
200055561,"ljv2023","2/21/24","34.3978","-119.70272",0,0.601190476190476
257017326,"ljv2023","12/31/24","32.81340333","-117.2738883",1,0.569491525423729
257281841,"ljv2023","12/31/24","32.814975","-117.273995",0,0.579470198675497
257316907,"ljv2023","12/29/24","32.84409232","-117.2801979",0,0.601851851851852
257316907,"ljv2023","12/29/24","32.84409232","-117.2801979",0,0.592592592592593
263279684,"ljv2023","2/26/25","34.43560833","-119.93425",0,0.552631578947368
148058330,"logand03","2/4/23","33.738205","-118.37577",0,0.53
152752566,"lotsaplants","3/29/23","34.41067833","-119.6858583",1,0.548543689320388
104236846,"lucy294","1/2/22","34.42113645","-119.8994677",1,0.583333333333333
18547123,"lukearmstrong","2/13/11","32.77449292","-117.2353833",0,0.518987341772152
211778028,"luzaguilaar","4/29/24","32.801705","-117.2596283",0,0.588709677419355
221698426,"mac_the_explorer","6/9/24","32.84325833","-117.281455",1,0.550847457627119
258287116,"maddykliewer","1/11/25","35.28974167","-120.883955",1,0.552941176470588
38453773,"magpiejay","2/8/20","33.03456117","-117.2936383",1,0.433460076045627
3418131,"maia3","6/9/16","33.03434358","-117.2926422",1,0.473684210526316
67233565,"maianguyen","12/26/20","33.58815501","-117.8676227",1,0.577981651376147
257853364,"malcolmtunnell","1/1/25","36.63726167","-121.9315867",1,0.536231884057971
103295107,"manateesocks","12/18/21","32.8411111","-117.2816669",1,0.54639175257732
182586973,"marcelllo","9/9/23","36.61060266","-121.8945453",1,0.54
109302227,"marimadrigal","3/23/22","33.71513667","-118.3196117",1,0.517241379310345
73450122,"marinemaureen","4/9/21","33.57951167","-117.8536833",1,0.54585152838428
13437198,"marisa_a","6/14/18","32.84332778","-117.2811",0,0.56140350877193
163647099,"maritzritz","5/20/23","32.84127833","-117.2816117",1,0.505952380952381
152101778,"markprice","3/22/23","32.87165833","-117.2534167",0,0.597222222222222
153148872,"matt_lachiusa","3/28/23","33.73808797","-118.3753557",1,0.515243902439024
4847745,"matthew_salkiewicz","11/13/16","32.843523","-117.280028",0,0.572463768115942
5562081,"matthew_salkiewicz","2/25/17","32.814149","-117.273908",1,0.562814070351759
12066976,"matthew_salkiewicz","4/27/18","32.814351","-117.273887",1,0.532258064516129
132221519,"matthew_salkiewicz","2/27/22","33.706443","-118.286146",0,0.588235294117647
179446664,"matthew_salkiewicz","2/20/23","32.814563","-117.273852",1,0.58695652173913
218580940,"max_benningfield","5/26/24","32.843455","-117.280945",1,0.558441558441558
218838173,"max_benningfield","5/26/24","32.84318833","-117.28153",1,0.580152671755725
221711003,"max_benningfield","6/8/24","37.24677565","-122.4192145",1,0.6
231072939,"max_benningfield","7/21/24","37.2450926","-122.4194638",1,0.565789473684211
23469098,"maxbottomtime","4/26/19","33.74173356","-118.4152061",1,0.587301587301587
1118015,"mcduck","2/16/09","36.6272","-121.9413",1,0.542134831460674
84579137,"melaniealbertt","6/26/21","33.54527767","-117.7992953",1,0.515151515151515
202136597,"mellowing","3/7/24","34.38715333","-119.5140533",0,0.565217391304348
258108268,"mellowing","1/10/25","37.49443667","-122.4993583",1,0.591111111111111
39811683,"merav","3/9/20","37.49446389","-122.4991917",1,0.523809523809524
66453164,"michaelpatrickyoon","12/11/20","33.74348889","-118.3751611",1,0.53475935828877
142892398,"michaelvoeltz","11/25/22","33.59005845","-117.8700206",1,0.546816479400749
91592220,"michele118","8/17/21","34.04459","-118.934166",0,0.594202898550725
52233189,"mikecarr","6/20/20","32.8567092","-117.2603196",1,0.580952380952381
275346299,"mikethebirder","4/25/25","32.7887261","-117.2316957",0,0.541353383458647
298547223,"mikethebirder","7/15/25","32.8430078","-117.2815287",1,0.554166666666667
235966839,"mlanghans","8/13/24","33.21083365","-117.4031919",1,0.488584474885845
224793930,"molluscmania","6/23/24","32.84014761","-117.2822952",1,0.456747404844291
147061355,"monkeysee","1/21/23","32.81408169","-117.2744734",1,0.565836298932384
201431328,"mosesaubrey","3/5/24","33.70962167","-118.2998367",0,0.552083333333333
13470571,"mostlymarine","6/15/18","35.27698564","-120.8896763",1,0.585106382978723
145025587,"mothmr","12/23/22","37.24822952","-122.419909",1,0.626016260162602
202171862,"mothmr","3/9/24","36.63351843","-121.9402054",1,0.56
276038981,"mountain_mary","4/4/25","32.95337","-117.2677783",1,0.526946107784431
67994869,"moventrice","1/12/21","37.23861989","-122.4170279",1,0.660714285714286
67995291,"moventrice","1/12/21","37.23994089","-122.4185557",1,0.545454545454545
72242575,"moventrice","3/27/21","37.23900503","-122.4197607",1,0.546875
102632066,"moventrice","12/4/21","37.33542645","-122.5963008",1,0.5
198972128,"moventrice","2/10/24","37.364587","-122.5949078",1,0.523148148148148
251986036,"moventrice","11/16/24","37.31830683","-122.5166771",1,0.5703125
319693303,"mreen","10/8/25","36.62712167","-121.94023",1,0.523364485981308
155092142,"muddphoto","4/15/23","36.96574","-122.1251567",0,0.554140127388535
193842166,"muddphoto","12/12/23","36.960185","-121.9642083",0,0.539509536784741
231237679,"muddphoto","7/23/24","37.07884833","-122.268",1,0.564285714285714
255261388,"muddphoto","12/15/24","37.24692667","-122.41959",1,0.562962962962963
104438215,"muir","1/1/22","35.28967167","-120.8840167",1,0.5
104509488,"muir","1/3/22","35.28998333","-120.8839717",1,0.589371980676328
147857056,"muir","1/21/23","35.28977167","-120.883245",0,0.556
156687546,"naomiburns","4/21/23","35.27552898","-120.8887988",0,0.524096385542169
73251730,"nathanfrench","4/7/21","32.84009159","-117.2823762",1,0.513793103448276
67892119,"nature1111","1/10/21","36.95638667","-121.9709383",0,0.551094890510949
67984295,"nature1111","1/12/21","36.97857","-121.938195",0,0.572649572649573
70359553,"nature1111","2/28/21","36.97239689","-121.9490311",0,0.576051779935275
87949978,"nature1111","7/17/21","34.04538466","-118.9324277",0,0.548780487804878
13785446,"natureinla","6/17/18","33.70926186","-118.2965375",1,0.571428571428571
37865763,"naturephotosuze","1/20/20","34.03094818","-118.6827319",0,0.526881720430108
67325132,"naturephotosuze","12/29/20","34.03128","-118.6817091",0,0.58252427184466
68067074,"naturephotosuze","1/12/21","35.28947849","-120.8833072",0,0.524193548387097
11720345,"neontetraploid","4/28/18","33.70686593","-118.2860827",0,0.581967213114754
11720357,"neontetraploid","4/28/18","33.70686593","-118.2860827",0,0.568181818181818
114137218,"nicolekit","4/30/22","36.61291211","-121.895912",1,0.554054054054054
249958556,"ninigiri","10/31/24","33.71538667","-118.31932",0,0.493150684931507
258957670,"noah_bettelheim","1/19/25","35.17481179","-120.7108344",0,0.542056074766355
209410012,"noiselessowl","4/25/24","35.37250042","-120.9521464",1,0.561904761904762
221039021,"noiselessowl","6/6/24","35.21542967","-120.8004494",1,0.632
255951713,"noiselessowl","12/22/24","35.37077591","-120.8582838",1,0.521531100478469
263930957,"noiselessowl","9/1/18","35.37072872","-120.8582555",1,0.52970297029703
265441415,"noiselessowl","8/11/20","35.27360521","-120.8423467",1,0.55440414507772
265490796,"noiselessowl","12/24/20","35.37246719","-120.9443061",1,0.582352941176471
266119618,"noiselessowl","4/28/21","35.29345188","-120.9697306",1,0.536121673003802
266148255,"noiselessowl","5/14/21","35.23960045","-120.8363318",1,0.535433070866142
266189437,"noiselessowl","7/2/21","35.22625489","-120.9146414",1,0.49469964664311
266189441,"noiselessowl","7/2/21","35.38704425","-120.9421232",1,0.560483870967742
121929593,"north_star_naturalist","6/15/22","32.74670833","-117.2550278",1,0.554545454545455
147993298,"nudibitch","2/3/23","32.80738947","-117.2671702",1,0.601593625498008
196337431,"nudibitch","1/10/24","32.84311422","-117.2814648",1,0.501587301587302
197674544,"nudibitch","1/26/24","32.86772694","-117.2540446",1,0.542553191489362
201917018,"nudibitch","3/9/24","34.00224563","-118.8047512",1,0.572972972972973
207663498,"nudibitch","4/16/24","32.85283842","-117.2613748",1,0.491228070175439
259414922,"nudibitch","1/23/25","32.84994682","-117.2655356",1,0.629213483146067
259750288,"nudibitch","1/25/25","32.63379342","-117.3895421",1,0.544303797468354
147164744,"oceanf","1/22/23","36.96051833","-121.9636383",0,0.536170212765957
147164780,"oceanf","1/22/23","36.96052","-121.9632883",1,0.523385300668151
105747079,"ocmelissa","1/28/22","33.46036145","-117.7092831",1,0.551181102362205
107675404,"ocmelissa","2/28/22","33.74151404","-118.3793391",1,0.550387596899225
23482814,"octopus","4/27/19","33.70716353","-118.2856517",1,0.536764705882353
289454049,"olividae","6/12/25","34.4631659","-120.0701354",1,0.593103448275862
136768814,"origamiseagull","9/27/22","33.48495833","-117.7332",0,0.573099415204678
147008064,"origamiseagull","1/20/23","33.48208667","-117.7249217",0,0.541984732824427
148219030,"origamiseagull","2/6/23","33.48354667","-117.7276217",1,0.536231884057971
196740626,"origamiseagull","1/14/24","33.483555","-117.7274167",0,0.605042016806723
197577645,"origamiseagull","1/25/24","33.48375","-117.72763",0,0.632183908045977
139050167,"orobourical","10/15/22","34.008231","-119.432661",1,0.547619047619048
143430601,"orobourical","11/27/22","33.399925","-118.366533",0,0.532934131736527
270384450,"panarthropodism","10/23/17","34.40214784","-119.8826138",1,0.484375
203809436,"panthalassaunited","3/18/24","33.47024383","-118.5311479",1,0.562231759656652
218045757,"panthalassaunited","5/13/24","33.46707409","-118.5290101",0,0.581920903954802
218045758,"panthalassaunited","5/19/24","33.4703586","-118.5312542",1,0.54954954954955
218045759,"panthalassaunited","5/20/24","33.46877483","-118.5276407",1,0.585820895522388
231119742,"panthalassaunited","5/24/24","33.47034911","-118.5312627",1,0.530465949820789
13632556,"passiflora4","6/15/18","37.25101167","-122.4218111",1,0.503968253968254
13852875,"passiflora4","6/16/18","37.24691389","-122.4195889",1,0.545722713864307
20413721,"passiflora4","1/19/19","37.2470677","-122.4196755",1,0.579310344827586
35970779,"passiflora4","6/8/19","36.62717333","-121.9401267",1,0.641304347826087
37769399,"passiflora4","1/11/20","36.63464401","-121.9398712",1,0.528239202657807
38052563,"passiflora4","1/25/20","37.51386389","-122.5131806",1,0.577903682719547
66560747,"passiflora4","12/12/20","36.63469722","-121.939825",1,0.622302158273381
69023042,"passiflora4","1/10/21","36.80947935","-121.7846988",1,0.508670520231214
81225967,"passiflora4","5/29/21","32.8406524","-117.2821934",1,0.589442815249267
3268267,"patsimpson2000","5/22/16","32.66481562","-117.2431292",1,0.555
11908065,"patsimpson2000","4/28/18","32.66891858","-117.2449565",0,0.538135593220339
256035938,"pavelbykau","12/23/24","32.78973833","-117.2160033",0,0.515151515151515
72979039,"phelsumas4life","4/4/21","33.70895933","-118.2990217",1,0.583596214511041
72979050,"phelsumas4life","4/4/21","33.70880693","-118.2981352",1,0.527426160337553
72979053,"phelsumas4life","4/4/21","33.70953416","-118.2985035",1,0.52233676975945
80962290,"phelsumas4life","5/30/21","33.71485702","-118.3180289",1,0.495192307692308
251958006,"phelsumas4life","11/16/24","33.5883001","-117.8675682",1,0.503401360544218
255156720,"phelsumas4life","12/14/24","32.84328702","-117.2812281",1,0.549107142857143
284609210,"phillipgillette","5/19/06","33.3782102","-118.4056242",1,0.520661157024793
6033777,"pileated","4/30/17","32.81421018","-117.2740404",1,0.520833333333333
82473504,"pixelcat75332","6/10/21","33.54511029","-117.7969291",1,0.524064171122995
2874546,"pliffgrieff","4/3/16","33.70951591","-118.2989444",0,0.588235294117647
23431719,"pliffgrieff","4/27/19","33.71539716","-118.3193519",0,0.631578947368421
38407708,"pliffgrieff","2/7/20","33.79327833","-118.40718",1,0.621794871794872
66482340,"pliffgrieff","12/12/20","33.73787","-118.3954617",0,0.634328358208955
76684618,"pliffgrieff","5/2/21","33.71392833","-118.3168867",0,0.56
79551544,"pliffgrieff","5/20/21","34.39725","-119.7036883",0,0.567567567567568
102432673,"pliffgrieff","12/3/21","33.7098","-118.3008283",1,0.59504132231405
105817607,"pliffgrieff","1/29/22","33.74549167","-118.1148083",0,0.566666666666667
255128701,"pliffgrieff","12/14/24","33.74418667","-118.1174167",1,0.541516245487365
76301270,"polynesiac","5/1/21","33.707175","-118.2855533",1,0.56140350877193
19144928,"prakrit","12/21/18","37.49444962","-122.4993503",1,0.612244897959184
211709035,"prettycritters","4/29/24","36.60501","-121.9597733",1,0.584070796460177
5262228,"psyllidhipster","1/3/12","33.44","-118.49833",0,0.598173515981735
286137158,"pvlocicero","5/30/25","34.01617662","-119.3685787",1,0.565420560747664
256567820,"qkelloggii","12/27/24","33.1325805","-117.3371883",0,0.590909090909091
258315842,"qkelloggii","1/12/25","32.99868","-117.27852",1,0.546610169491525
13529316,"quantron","6/16/18","33.70984","-118.30133",1,0.569832402234637
13541784,"quantron","6/16/18","33.70953167","-118.2991383",0,0.586206896551724
194171223,"rachall","12/16/23","32.87175833","-117.25332",1,0.531428571428571
251963057,"rachall","11/16/24","32.84352833","-117.28118",1,0.526845637583893
194828494,"ramblinghobbit","12/25/23","36.61541971","-121.9152461",0,0.556756756756757
193910689,"rambrose","12/13/23","34.04373056","-118.9357444",0,0.589861751152074
201325827,"ramennudi","3/4/24","33.58837","-117.8676617",1,0.563573883161512
201325907,"ramennudi","3/4/24","33.58816333","-117.8675867",1,0.561643835616438
248336487,"ramennudi","9/2/24","32.72655939","-117.2573268",1,0.476666666666667
299657855,"ramennudi","7/13/25","32.84117879","-117.2818169",1,0.515463917525773
127300556,"rbriner","7/2/22","32.84336056","-117.2812729",1,0.565934065934066
144703169,"rbriner","8/15/22","32.84367317","-117.2806698",1,0.556016597510373
19153542,"rebeccafay","12/21/18","37.49479444","-122.4993806",1,0.583617747440273
39225651,"rebeccafay","2/20/20","32.81404167","-117.2743444",1,0.575757575757576
39812147,"rebeccafay","3/9/20","37.49380833","-122.4989611",1,0.56640625
171507823,"rebeccafay","7/6/23","36.62143333","-121.9034583",1,0.534090909090909
171507823,"rebeccafay","7/6/23","36.62143333","-121.9034583",1,0.641221374045801
171509895,"rebeccafay","7/6/23","36.62181167","-121.903555",0,0.520547945205479
9193692,"reddawnrunner","12/17/17","33.57985383","-117.8537466",0,0.625
67388134,"redrovertracy","12/31/20","33.70552302","-118.2873674",0,0.638888888888889
69842589,"redrovertracy","2/19/21","34.03318369","-118.6815075",0,0.581560283687943
72725583,"redrovertracy","4/2/21","34.03353934","-118.6821941",0,0.495833333333333
75741123,"redrovertracy","4/29/21","35.44591062","-120.9401239",0,0.590604026845638
75741125,"redrovertracy","4/29/21","35.44591062","-120.9401239",0,0.520661157024793
108631631,"redrovertracy","3/14/22","34.03250796","-118.6821512",0,0.564705882352941
20719171,"rhjackso","8/2/11","32.260176","-116.98568",0,0.555555555555556
20719833,"rhjackso","8/2/11","32.260176","-116.98568",0,0.568862275449102
68533353,"rhjackso","8/3/11","32.259598","-116.986414",0,0.56420233463035
68533362,"rhjackso","8/3/11","32.259598","-116.986414",0,0.610619469026549
68533415,"rhjackso","8/3/11","32.259598","-116.986414",0,0.590909090909091
220119648,"riler","6/2/24","35.15792218","-120.6831741",0,0.568421052631579
261198881,"rinnyvanvan","2/9/25","36.62710833","-121.940225",1,0.515695067264574
261199074,"rinnyvanvan","2/9/25","36.62699167","-121.9405217",1,0.527918781725888
2869146,"rjadams55","4/1/16","36.625988","-121.915932",0,0.605839416058394
298961016,"rjadams55","7/13/25","37.078975","-122.268089",1,0.485
13542258,"rozhelfand","6/16/18","33.70975651","-118.2990066",0,0.592920353982301
259798005,"rwaayers","10/8/14","32.77165883","-117.2455269",0,0.522388059701492
259798206,"rwaayers","3/25/17","32.77177689","-117.2456634",1,0.560975609756098
3430579,"ryanandrews","6/10/16","32.842985","-117.28174",1,0.520547945205479
95362758,"ryanandrews","7/27/21","32.84302473","-117.2814872",1,0.55470737913486
67891772,"rynaturalist","1/10/21","34.39834167","-119.7341833",1,0.570469798657718
111581772,"sabrinamedinaa","4/15/22","33.51408333","-117.7570117",1,0.533333333333333
166031862,"samantha38","5/20/22","32.87177","-117.25328",1,0.545454545454545
151898113,"sandor_in","3/18/23","37.14507971","-122.3494748",1,0.540322580645161
153001129,"sara_medina","3/26/23","33.7061677","-118.2874929",0,0.587412587412587
130638699,"sarah-mae","8/13/22","36.60877522","-121.9529818",0,0.567708333333333
266386997,"sarah-mae","3/22/25","36.61459667","-121.9456717",0,0.583333333333333
171250321,"sarahal1010","7/5/23","33.4678445","-117.978454",1,0.532374100719424
202565204,"sarahcoty","3/14/24","35.40595333","-120.871055",0,0.628787878787879
11750381,"sararubin","4/28/18","34.033577","-118.680437",0,0.567796610169492
11750444,"sararubin","4/28/18","34.03749847","-118.6786118",0,0.560344827586207
70711374,"sarie_parie","3/2/21","35.59834806","-121.1312396",1,0.553191489361702
82219667,"saul_lopez","6/8/21","34.4106221","-119.6858286",1,0.554054054054054
83326273,"saul_lopez","6/16/21","34.410651","-119.685837",1,0.533923303834808
84076338,"saul_lopez","6/20/21","34.410716","-119.685805",1,0.573248407643312
85122258,"saul_lopez","6/29/21","34.4105096","-119.6856023",1,0.553846153846154
85934835,"saul_lopez","7/4/21","34.410628","-119.685913",1,0.520547945205479
89802870,"saul_lopez","8/2/21","34.410645","-119.685831",1,0.5
67996824,"schupreme","1/12/21","33.343556","-118.325268",0,0.61304347826087
9024843,"scubabruin","12/2/17","33.73819162","-118.3753277",1,0.527210884353742
11692382,"scubabruin","4/28/18","34.03157604","-118.6800382",0,0.572164948453608
13491410,"scubabruin","6/16/18","34.04444721","-118.9336703",0,0.518518518518518
19791616,"scubabruin","1/21/19","34.03482449","-118.8608027",0,0.542735042735043
24902994,"scubabruin","5/10/19","34.00889926","-118.4961407",0,0.487704918032787
26568150,"scubabruin","6/7/19","33.70648359","-118.2864539",1,0.533898305084746
26568657,"scubabruin","6/7/19","33.70760752","-118.2857667",1,0.535593220338983
26832042,"scubabruin","6/11/19","34.04174685","-118.9155775",1,0.54320987654321
26940291,"scubabruin","6/13/19","34.04420166","-118.9338058",1,0.523809523809524
33458738,"scubabruin","9/26/19","34.03080633","-118.6824385",1,0.594142259414226
59942225,"scubabruin","9/17/20","34.04430522","-118.9340578",0,0.584415584415584
59942670,"scubabruin","9/17/20","34.04464859","-118.9336353",0,0.61038961038961
59943180,"scubabruin","9/17/20","34.04503974","-118.9330291",0,0.617647058823529
67964404,"scubabruin","1/11/21","33.70713035","-118.2854906",1,0.455445544554455
69375503,"scubabruin","2/9/21","34.05203109","-118.9622666",0,0.592592592592593
77513657,"scubabruin","5/3/21","34.04420187","-118.9336621",0,0.540740740740741
83273082,"scubabruin","6/15/21","34.05226887","-118.9636774",0,0.52317880794702
83650023,"scubabruin","6/18/21","34.05248666","-118.9647128",1,0.533333333333333
84770444,"scubabruin","6/25/21","34.03834815","-118.581989",0,0.564814814814815
107906920,"scubabruin","3/3/22","34.03064079","-118.682575",0,0.532258064516129
212365864,"scubabruin","4/29/24","34.03055244","-118.6833484",0,0.553191489361702
17771631,"sea-kangaroo","10/20/18","34.070136","-119.864998",1,0.57051282051282
18914852,"sea-kangaroo","11/21/18","32.8419922","-117.28185",1,0.531969309462916
18929524,"sea-kangaroo","11/21/18","32.84304","-117.28176",1,0.56508875739645
71174081,"sea-kangaroo","3/12/21","36.6201483","-121.9416717",0,0.620588235294118
134377801,"sea-kangaroo","3/2/22","32.747107","-117.2545887",1,0.585798816568047
134377891,"sea-kangaroo","3/2/22","32.7468481","-117.2540066",0,0.593272171253823
221910269,"sea-kangaroo","6/8/24","37.2471297","-122.4195595",1,0.595907928388747
227958198,"sea-kangaroo","7/7/24","37.246747","-122.4195479",1,0.62396694214876
231335469,"sea-kangaroo","7/23/24","37.2469655","-122.4196055",1,0.593314763231198
258802133,"sea-kangaroo","1/13/25","37.4944645","-122.4991731",1,0.562111801242236
259014074,"sea-kangaroo","1/10/25","36.6335826","-121.9392041",1,0.545232273838631
48515591,"sessilefielder","6/4/20","34.04469167","-118.9332583",0,0.571428571428571
67337693,"sessilefielder","12/30/20","34.04498333","-118.93325",0,0.581818181818182
119545609,"sessilefielder","5/29/22","36.63708333","-121.9356694",0,0.576388888888889
10341412,"sflax","3/20/18","32.86463683","-117.2640589",0,0.597826086956522
122367112,"sgcacc","6/11/22","32.70710938","-117.272644",1,0.54
10084182,"sgoodchild","1/27/18","34.40959052","-119.8418283",0,0.645454545454546
10084184,"sgoodchild","1/27/18","34.40959052","-119.8418283",0,0.641176470588235
151514642,"shabrobtilus","3/14/23","36.61040656","-121.8926743",1,0.534883720930233
269025587,"shelbyb365","4/5/25","32.87172","-117.2531667",1,0.550561797752809
22045121,"shrike2","4/4/19","32.95672778","-118.5595083",1,0.568733153638814
63579971,"shrike2","10/25/20","32.80115","-118.4265883",1,0.537974683544304
136033558,"shrike2","7/30/22","32.93559667","-118.549745",0,0.485380116959064
259101080,"sillyjesse","1/12/25","36.95617778","-121.9709694",0,0.536363636363636
133014223,"silversea_starsong","8/13/22","32.8718973","-117.2530631",1,0.550675675675676
77985760,"skatingflamingo","5/8/21","33.60518333","-117.888755",0,0.575520833333333
80769995,"skatingflamingo","5/29/21","33.58319667","-117.8607167",0,0.553990610328638
81789720,"skatingflamingo","6/5/21","33.57993","-117.853805",0,0.627840909090909
81789805,"skatingflamingo","6/5/21","33.57934167","-117.8526167",0,0.568493150684932
82583885,"skatingflamingo","6/11/21","33.58918","-117.8686667",1,0.582375478927203
82585936,"skatingflamingo","6/11/21","33.58894667","-117.8685",1,0.545454545454545
82719785,"skatingflamingo","6/12/21","33.58769167","-117.8669367",1,0.643835616438356
82794459,"skatingflamingo","6/12/21","33.58831667","-117.86767",1,0.521739130434783
82794570,"skatingflamingo","6/12/21","33.588455","-117.867645",1,0.568965517241379
82873124,"skatingflamingo","6/13/21","33.58314167","-117.860595",1,0.545454545454545
86358932,"skatingflamingo","7/9/21","33.57991667","-117.853775",0,0.567493112947658
90597808,"skatingflamingo","8/9/21","33.58908333","-117.8683083",1,0.559808612440191
102853902,"skatingflamingo","12/4/21","33.54298809","-117.7921386",1,0.51980198019802
103509725,"skatingflamingo","12/22/21","33.54292833","-117.7924583",1,0.517241379310345
107231179,"skatingflamingo","2/20/22","33.54341603","-117.7921809",1,0.588607594936709
122083475,"skatingflamingo","6/15/22","33.58887339","-117.8682147",0,0.621848739495798
82803299,"skfork","6/11/21","36.63550833","-121.9269417",0,0.628272251308901
104163875,"skfork","12/28/21","33.54533056","-117.7966917",0,0.596774193548387
134952739,"skfork","9/12/22","33.5454","-117.7965",0,0.571428571428571
143152738,"skfork","11/20/22","33.54526111","-117.7966528",0,0.574803149606299
190040864,"skfork","10/26/23","36.60957359","-121.8946939",0,0.571428571428571
71377027,"smbeven","3/14/21","33.46137","-118.521995",0,0.63953488372093
140015362,"sofieglh","10/25/22","33.42721167","-118.5065917",1,0.518867924528302
27948519,"sophiemavrolas","6/30/19","34.04421195","-118.9393056",0,0.537313432835821
286658338,"spinnaker","2/9/25","37.09909167","-122.283645",1,0.537190082644628
213953293,"squiibbly","4/29/24","36.60487833","-121.9597033",1,0.638709677419355
252131145,"squiibbly","11/16/24","36.63399167","-121.9396667",1,0.526946107784431
260255303,"squiibbly","1/29/25","36.63406667","-121.9395667",1,0.57051282051282
260255341,"squiibbly","1/29/25","36.63396167","-121.939605",1,0.561797752808989
263847255,"squiibbly","2/26/25","36.63379667","-121.93985",1,0.628865979381443
192616611,"squishlefish","11/29/23","32.84353802","-117.2809714",1,0.512396694214876
260526050,"sta0zhang","2/3/25","33.72365357","-118.3379831",1,0.584615384615385
266389098,"steensfindings","3/14/25","34.416834","-119.83221",0,0.478991596638655
304105677,"steensfindings","8/5/25","34.41065364","-119.6857833",1,0.5
309831351,"steensfindings","8/28/25","34.41072593","-119.6858232",1,0.559440559440559
311587438,"steensfindings","9/4/25","34.41069394","-119.6857981",1,0.592233009708738
14519575,"stephstock","7/17/18","36.63483056","-121.9396472",1,0.53416149068323
19367971,"stephstock","1/1/19","36.96027161","-121.9639731",1,0.604347826086956
19797095,"stephstock","1/19/19","36.633975","-121.9395639",1,0.633333333333333
19797096,"stephstock","1/19/19","36.633975","-121.9395639",1,0.556962025316456
105911814,"stephstock","1/30/22","37.18454296","-122.3966258",1,0.619047619047619
285502467,"stephstock","5/30/25","37.24716944","-122.4194583",1,0.613333333333333
39179737,"stevelonhart","2/5/20","36.62113664","-121.9016017",1,0.519337016574586
252089698,"steven_cincotta","11/16/24","37.24660668","-122.4195517",1,0.608562691131499
253723005,"steven_cincotta","11/30/24","37.24613422","-122.4198542",1,0.605633802816901
253723043,"steven_cincotta","11/30/24","37.24733833","-122.4195117",1,0.528776978417266
14573892,"stevenchong","7/15/18","34.40739966","-119.8733017",1,0.59375
101358914,"stina_johansson","11/17/21","34.3732605","-119.477623",0,0.584415584415584
7872216,"susanhewitt","9/10/17","33.01633176","-117.2812014",0,0.560975609756098
7987611,"susanhewitt","9/18/17","33.0149905","-117.280458",0,0.565400843881857
117355573,"sydsocquet","5/14/22","34.02628333","-118.7555467",1,0.550335570469799
82872756,"symbioecologist","6/13/21","33.73782668","-118.3759868",1,0.528
151429885,"tadd_k","3/17/23","36.94907","-122.0611722",1,0.6015625
140006893,"tanner_delong","10/25/22","33.42726383","-118.5066179",0,0.557692307692308
140007573,"taylor1102","10/25/22","33.42720765","-118.5065851",1,0.535087719298246
202118692,"team_bingebirder","3/11/24","33.473745","-117.7220833",0,0.608938547486033
180730374,"tedjudah","8/27/23","36.61177938","-121.8948267",1,0.554621848739496
261443389,"tedjudah","2/9/25","36.61063693","-121.893594",1,0.51984126984127
261443397,"tedjudah","2/9/25","36.61063693","-121.893594",1,0.564102564102564
261443397,"tedjudah","2/9/25","36.61063693","-121.893594",1,0.55
261443397,"tedjudah","2/9/25","36.61063693","-121.893594",1,0.567567567567568
214817321,"tepidtapir","5/9/24","33.58997286","-117.8687361",1,0.480392156862745
285527864,"tepidtapir","5/27/25","33.58839643","-117.8673412",1,0.519230769230769
285718489,"tepidtapir","5/28/25","33.58909732","-117.8679483",1,0.54639175257732
285718513,"tepidtapir","5/28/25","33.58902219","-117.8678443",1,0.538775510204082
285718591,"tepidtapir","5/28/25","33.58831825","-117.8674716",1,0.5
325146797,"tepidtapir","11/5/25","33.58816127","-117.867463",1,0.50188679245283
71272930,"th92105","3/14/21","32.848331","-117.27668",1,0.580071174377224
104230888,"th92105","1/2/22","32.998975","-117.2773361",1,0.53935860058309
261317931,"thalassalib","2/10/25","36.62141667","-121.903555",1,0.606617647058823
102469736,"thesunisbig","12/3/21","37.18483","-122.3970633",1,0.558139534883721
307590633,"theteenagewitch","8/18/25","33.44525946","-118.4839934",1,0.505050505050505
322984592,"thetidepooler","10/23/25","32.86882851","-117.2545697",1,0.495762711864407
256348982,"thomasirvine","12/26/24","33.06597097","-117.3055051",0,0.54228855721393
256583944,"thomasirvine","12/28/24","32.84660713","-117.2792513",1,0.565972222222222
256586254,"thomasirvine","12/28/24","32.8465047","-117.2793149",1,0.552980132450331
322880598,"thoum","10/24/25","32.87177447","-117.2531045",1,0.562248995983936
166719153,"tidepooltales","6/1/23","32.8411111","-117.2816667",1,0.501607717041801
179166729,"tidepooltales","8/18/23","32.8411111","-117.2816667",1,0.5
179166757,"tidepooltales","8/18/23","32.8411111","-117.2816667",1,0.525423728813559
180475844,"tidepooltales","8/26/23","32.8411111","-117.2816667",1,0.533333333333333
183164405,"tidepooltales","9/12/23","32.8411111","-117.2816667",1,0.55205047318612
184735701,"tidepooltales","9/23/23","32.8411111","-117.2816667",1,0.541538461538462
189978308,"tidepooltales","10/30/23","32.8411111","-117.2816667",1,0.530864197530864
191491730,"tidepooltales","11/16/23","32.8411111","-117.2816667",1,0.595959595959596
192285132,"tidepooltales","11/26/23","32.8411111","-117.2816667",1,0.498245614035088
193454954,"tidepooltales","11/29/23","32.8411111","-117.2816667",1,0.587628865979381
194251460,"tidepooltales","12/14/23","32.8411111","-117.2816667",1,0.517799352750809
196805118,"tidepooltales","1/12/24","36.6002378","-121.8946761",1,0.586363636363636
196805119,"tidepooltales","1/12/24","36.6002378","-121.8946761",1,0.565068493150685
196805128,"tidepooltales","1/12/24","36.6002378","-121.8946761",1,0.521428571428571
197856920,"tidepooltales","1/26/24","32.8411111","-117.2816667",1,0.528481012658228
197856926,"tidepooltales","1/26/24","32.8411111","-117.2816667",1,0.535398230088496
200453239,"tidepooltales","2/23/24","32.8411111","-117.2816667",1,0.5
206360498,"tidepooltales","4/9/24","32.8411111","-117.2816667",1,0.544
206708492,"tidepooltales","4/11/24","32.8411111","-117.2816667",1,0.597269624573379
206708503,"tidepooltales","4/11/24","32.8411111","-117.2816667",1,0.610236220472441
209948312,"tidepooltales","4/26/24","32.8411111","-117.2816667",1,0.485185185185185
215110169,"tidepooltales","5/9/24","32.8411111","-117.2816667",0,0.523255813953488
215110195,"tidepooltales","5/9/24","32.8411111","-117.2816667",1,0.538793103448276
218790520,"tidepooltales","5/24/24","32.8411111","-117.2816667",1,0.518796992481203
224272139,"tidepooltales","6/21/24","32.8411111","-117.2816667",1,0.542222222222222
237207360,"tidepooltales","8/21/24","32.8411111","-117.2816667",1,0.538216560509554
242197972,"tidepooltales","9/6/24","32.8411111","-117.2816667",1,0.539419087136929
243495078,"tidepooltales","9/19/24","32.8411111","-117.2816667",1,0.510810810810811
243498571,"tidepooltales","9/20/24","32.8411111","-117.2816667",0,0.647668393782383
243518916,"tidepooltales","9/21/24","32.8411111","-117.2816667",0,0.548672566371681
243518930,"tidepooltales","9/21/24","32.8411111","-117.2816667",1,0.547231270358306
248676816,"tidepooltales","10/17/24","32.8411111","-117.2816667",0,0.562770562770563
248676823,"tidepooltales","10/17/24","32.8411111","-117.2816667",1,0.527075812274368
248680876,"tidepooltales","10/19/24","36.6334244","-121.9382603",1,0.626050420168067
248680893,"tidepooltales","10/19/24","36.6334244","-121.9382603",1,0.487903225806452
248687113,"tidepooltales","10/20/24","36.6334244","-121.9382603",1,0.557522123893805
251253467,"tidepooltales","11/9/24","32.8411111","-117.2816667",1,0.491408934707904
255404800,"tidepooltales","12/14/24","32.8411111","-117.2816667",1,0.582995951417004
255404822,"tidepooltales","12/14/24","32.8411111","-117.2816667",1,0.50974025974026
255643272,"tidepooltales","12/17/24","32.8411111","-117.2816667",1,0.517241379310345
255643276,"tidepooltales","12/17/24","32.8411111","-117.2816667",1,0.5
255643288,"tidepooltales","12/17/24","32.8411111","-117.2816667",1,0.5078125
256960594,"tidepooltales","12/30/24","32.8411111","-117.2816667",1,0.583038869257951
258700790,"tidepooltales","1/15/25","32.8411111","-117.2816667",1,0.554716981132075
258898114,"tidepooltales","1/17/25","32.8411111","-117.2816667",1,0.575
258898189,"tidepooltales","1/17/25","32.8411111","-117.2816667",1,0.53953488372093
260227096,"tidepooltales","1/29/25","32.8411111","-117.2816667",1,0.588235294117647
260228716,"tidepooltales","1/30/25","32.8411111","-117.2816667",1,0.510526315789474
260228754,"tidepooltales","1/30/25","32.8411111","-117.2816667",1,0.510460251046025
268017750,"tidepooltales","3/31/25","32.8411111","-117.2816667",1,0.497835497835498
270014639,"tidepooltales","4/5/25","32.8411111","-117.2816667",1,0.609865470852018
276708024,"tidepooltales","4/29/25","32.8411111","-117.2816667",1,0.533834586466165
276708109,"tidepooltales","4/29/25","32.8411111","-117.2816667",1,0.565217391304348
277564060,"tidepooltales","5/1/25","32.8411111","-117.2816667",1,0.52156862745098
286110711,"tidepooltales","5/27/25","32.8411111","-117.2816667",1,0.586666666666667
286176556,"tidepooltales","6/1/25","32.8411111","-117.2816667",1,0.513888888888889
290587870,"tidepooltales","6/12/25","32.8411111","-117.2816667",1,0.510903426791277
293561570,"tidepooltales","6/25/25","32.8411111","-117.2816667",1,0.557446808510638
293600728,"tidepooltales","6/26/25","32.725184","-117.2530541",1,0.589430894308943
293601654,"tidepooltales","6/26/25","32.725184","-117.2530541",1,0.557620817843866
293614735,"tidepooltales","6/27/25","32.8411111","-117.2816667",1,0.53072625698324
293614744,"tidepooltales","6/27/25","32.8411111","-117.2816667",1,0.541850220264317
293614747,"tidepooltales","6/27/25","32.8411111","-117.2816667",1,0.509025270758123
293624762,"tidepooltales","6/28/25","32.725184","-117.2530541",1,0.579646017699115
299707362,"tidepooltales","7/19/25","32.8411111","-117.2816667",1,0.584541062801932
299707363,"tidepooltales","7/19/25","32.8411111","-117.2816667",1,0.537688442211055
301986919,"tidepooltales","7/28/25","32.8411111","-117.2816667",1,0.560283687943262
305905608,"tidepooltales","8/9/25","32.725184","-117.2530541",1,0.663414634146341
312603155,"tidepooltales","9/6/25","32.8411111","-117.2816667",0,0.570212765957447
4442147,"tiyumq","10/26/16","34.03160229","-118.6804104",0,0.535911602209945
5009234,"tiyumq","1/25/17","34.38914597","-119.5184378",0,0.561151079136691
5254804,"tiyumq","3/8/17","34.03144224","-118.6811805",1,0.580952380952381
169641437,"tmagdych","6/26/23","33.45034698","-118.5027274",1,0.517241379310345
259402000,"toastysn","1/23/25","32.65793833","-117.2470333",1,0.54954954954955
127152157,"tobiashays","7/16/22","32.84338207","-117.2811683",1,0.584459459459459
127152530,"tobiashays","7/16/22","32.84338207","-117.2811683",1,0.536443148688047
18788726,"tomleeturner","12/2/18","34.40653611","-119.87815",1,0.609022556390977
38451642,"tomleeturner","2/8/20","32.69434952","-117.2686322",1,0.586734693877551
105914444,"tomleeturner","1/30/22","34.00732","-119.4297",1,0.608695652173913
238599361,"tomleeturner","8/28/24","34.01672942","-119.3607079",1,0.541353383458647
296257962,"tongks22","5/7/25","32.87170333","-117.253525",1,0.577464788732394
248502729,"tonnessen","10/18/24","30.4697916","-116.0457946",0,0.565891472868217
101594278,"tothemax","11/20/21","34.40644834","-119.8787384",1,0.503875968992248
104369579,"tothemax","1/3/22","34.40623698","-119.8786523",0,0.565656565656566
104369657,"tothemax","1/3/22","34.4062408","-119.8784892",1,0.572727272727273
73980736,"tularosatabulator","4/11/21","34.04124561","-119.5719301",0,0.538011695906433
197174161,"twsummer","1/20/24","36.6382181","-121.9377765",1,0.576086956521739
105947591,"u_phantasticus","1/31/22","32.82750943","-117.3758076",1,0.594594594594595
130648130,"u_phantasticus","8/13/22","32.8713371","-117.334147",1,0.491228070175439
130648135,"u_phantasticus","8/13/22","32.83293602","-117.3111757",1,0.577586206896552
146706181,"u_phantasticus","1/14/23","32.79069275","-117.2298605",0,0.563265306122449
257087994,"ulysses20","1/1/25","36.63409667","-121.939505",1,0.547337278106509
257901838,"unseasonedsunscreen","8/24/24","32.84333833","-117.2812283",1,0.5
293816940,"unseasonedsunscreen","6/29/25","33.58995833","-117.8699583",1,0.567796610169492
19222284,"user865578","12/22/18","33.73992682","-118.4029768",1,0.533783783783784
136966121,"uwkwaj","9/14/19","34.03610829","-119.5241839",1,0.482558139534884
66615102,"veekaay14","12/14/20","33.42771167","-118.5069883",1,0.568181818181818
143191809,"vireolanius","11/26/22","32.841345","-117.28204",1,0.557228915662651
325620746,"vireolanius","11/8/25","32.84325","-117.2814472",1,0.58160237388724
258284635,"vireosylva","1/11/25","37.07921667","-122.26822",1,0.525641025641026
23515343,"vtamayo","4/27/19","33.70684667","-118.2858667",1,0.517730496453901
81486386,"walkabata","5/30/21","32.84299868","-117.2815062",1,0.590243902439024
89263606,"walkabata","7/28/21","32.8434345","-117.2810081",1,0.636363636363636
118418242,"walkabata","5/19/22","32.84144232","-117.2820243",1,0.547619047619048
118418247,"walkabata","5/19/22","32.84144232","-117.2820243",1,0.576158940397351
121962222,"walkabata","6/2/22","32.84038514","-117.2822673",1,0.55
121962223,"walkabata","6/2/22","32.84038514","-117.2822673",1,0.615384615384615
122251550,"walkabata","6/3/22","32.84043011","-117.2822336",1,0.601694915254237
148774564,"walkabata","1/19/23","32.84311672","-117.2816587",1,0.607142857142857
224733618,"walkabata","5/28/24","32.84298089","-117.2814794",1,0.60958904109589
226018171,"walkabata","6/8/24","32.8411111","-117.2816667",1,0.583892617449664
233806253,"walkabata","7/20/24","32.7611776","-117.245933",1,0.561702127659575
234233985,"walkabata","7/23/24","32.7611776","-117.245933",1,0.534031413612565
259580808,"walkabata","9/7/24","32.7611776","-117.245933",1,0.591304347826087
259694007,"walkabata","9/13/24","32.7611776","-117.245933",1,0.487455197132616
259694011,"walkabata","9/13/24","32.7611776","-117.245933",1,0.549407114624506
104324322,"waterclover","12/31/21","34.03031653","-118.6827523",1,0.535269709543568
112971225,"waterclover","4/23/22","34.03033292","-118.6844428",1,0.572033898305085
61757975,"wildlife_adventures","10/4/20","37.0237327","-122.2160185",0,0.61849710982659
69542868,"wildlife_adventures","2/13/21","32.85106471","-117.22834",0,0.599118942731278
84392122,"wildlife_adventures","6/24/21","33.44266813","-117.7585802",1,0.560975609756098
84613328,"wildlife_adventures","6/24/21","33.72868631","-117.9243788",0,0.62589928057554
163580649,"wildlife_adventures","5/24/23","36.96051383","-122.0264569",0,0.608333333333333
199323992,"wildlife_adventures","2/14/24","36.8524324","-122.0089046",0,0.570754716981132
229164756,"wildmushroom","7/13/24","32.78221821","-117.2335492",0,0.556338028169014
197971139,"winningh","12/25/23","32.76544319","-117.2495092",0,0.526829268292683
105918612,"wintersun6","1/29/22","33.73787309","-118.4677863",1,0.579710144927536
19804617,"yaboicolinmceachen","1/21/19","36.60578156","-121.9600449",1,0.561643835616438
26593242,"yetikat","6/7/19","33.70730833","-118.2855917",1,0.548780487804878
172259830,"yetikat","7/9/23","33.73806095","-118.3755604",1,0.542857142857143
19433723,"zabbey","1/4/19","34.42046567","-119.8981085",1,0.54421768707483
26633353,"zabbey","6/8/19","34.04576214","-118.9290737",1,0.496644295302013
255472234,"zgraham1994","12/17/24","33.03456383","-117.294045",0,0.567307692307692
255540297,"zgraham1994","12/18/24","32.99986333","-117.278655",0,0.574257425742574
255540409,"zgraham1994","12/18/24","32.99996167","-117.278555",0,0.5859375
255540509,"zgraham1994","12/18/24","32.99993833","-117.2785033",0,0.597938144329897
104240177,"zoeallen","1/2/22","33.79695908","-118.4081296",1,0.538461538461538
313138054,"zooeycaudata","9/10/25","35.28963366","-120.8836227",1,0.576923076923077
39224005,"zoology123","2/25/20","33.08576997","-117.31259",0,0.605911330049261
285537327,"zvakanaka","5/30/25","37.247122","-122.41949",1,0.622129436325679
